{
  "error_stats": {
    "mean": 0.0699228188497872,
    "std": 0.0030468717930794208,
    "median": 0.07017682983601994,
    "max": 0.08539314251663252,
    "min": 0.04978701660920626,
    "convergence_rate": -4.9496506814921894e-05
  },
  "control_stats": {
    "v_mean": 0.6984202104739996,
    "v_std": 0.02456432974410013,
    "w_mean": -0.01130973926927393,
    "w_std": 0.12707757024020405,
    "control_effort": 141.3078284113484
  },
  "state_stats": {
    "position_error_mean": 9.460296036945952,
    "orientation_error_mean": 0.2641286628838869,
    "final_position_error": 18.695349410881732,
    "settling_time": 11
  }
}