{
  "error_stats": {
    "mean": 0.07227779576115305,
    "std": 0.010534239150859662,
    "median": 0.06970469320761094,
    "max": 0.15315649239436094,
    "min": 0.04974614306954235,
    "convergence_rate": -0.0005859566616656664
  },
  "control_stats": {
    "v_mean": 0.6976289429212313,
    "v_std": 0.07317662569194085,
    "w_mean": -0.015144578507135367,
    "w_std": 0.24232547129043255,
    "control_effort": 137.7479882108355
  },
  "state_stats": {
    "position_error_mean": 8.467394868350375,
    "orientation_error_mean": 0.25478302739454844,
    "final_position_error": 16.6610440445848,
    "settling_time": 11
  }
}